epoch,accuracy,loss,mean_absolute_error,val_accuracy,val_loss,val_mean_absolute_error
0,0.7773857116699219,0.6137157082557678,0.12679997086524963,0.5807033181190491,1.7253658771514893,0.21345098316669464
1,0.7830040454864502,0.5981113910675049,0.12345461547374725,0.5734896063804626,2.544867753982544,0.2080443650484085
2,0.7888006567955017,0.585882306098938,0.1210625171661377,0.4815148711204529,2.6148645877838135,0.22948269546031952
