epoch,accuracy,loss,mean_absolute_error,val_accuracy,val_loss,val_mean_absolute_error
0,0.7042273879051208,0.8762566447257996,0.1609758585691452,0.7419250011444092,0.7547489404678345,0.16889417171478271
