epoch,accuracy,loss,mean_absolute_error,val_accuracy,val_loss,val_mean_absolute_error
0,0.7631498575210571,0.5914417505264282,0.12924590706825256,0.6129541993141174,0.7355645298957825,0.17063593864440918
1,0.7635118365287781,0.5918776988983154,0.12925513088703156,0.6382306218147278,0.8383575081825256,0.19372357428073883
2,0.7642682790756226,0.5877317190170288,0.1285749077796936,0.6761453151702881,0.676175594329834,0.1674727201461792
